{
  "project_info": {
    "project_number": "359368458762",
    "project_id": "mindgame-d0134",
    "storage_bucket": "mindgame-d0134.appspot.com"
  },
  "client": [
    {
      "client_info": {
        "mobilesdk_app_id": "1:359368458762:android:abeab90d136acef0da95f3",
        "android_client_info": {
          "package_name": "com.example.relativesplashscreen"
        }
      },
      "oauth_client": [
        {
          "client_id": "359368458762-cbaddk4v298it7gt411fk55n6b9vjoi3.apps.googleusercontent.com",
          "client_type": 3
        }
      ],
      "api_key": [
        {
          "current_key": "AIzaSyCjhRTJopo1Bvq88xEz50vAGEOllxB1rQg"
        }
      ],
      "services": {
        "appinvite_service": {
          "other_platform_oauth_client": [
            {
              "client_id": "359368458762-cbaddk4v298it7gt411fk55n6b9vjoi3.apps.googleusercontent.com",
              "client_type": 3
            }
          ]
        }
      }
    }
  ],
  "configuration_version": "1"
}